experiment_id,pipeline_name,node_name,model_variant,cpu_request,memory_request,max_batch_size,max_batch_time,load,load_duration,series,series_meta,replicas,no_engine,mode,data_type,benchmark_duration
1,video,yolo,yolov5n,1,10Gi,1,1,1,60,71,"checking the effect of changing all variables under arrival rate 1,\n cpu type: Intel(R) Xeon(R) Gold 6126 CPU @ 2.60GHz",1,False,exponential,image,1
2,video,yolo,yolov5n,1,10Gi,1,1,10,60,71,"checking the effect of changing all variables under arrival rate 1,\n cpu type: Intel(R) Xeon(R) Gold 6126 CPU @ 2.60GHz",1,False,exponential,image,1
3,video,yolo,yolov5n,1,10Gi,1,1,20,60,71,"checking the effect of changing all variables under arrival rate 1,\n cpu type: Intel(R) Xeon(R) Gold 6126 CPU @ 2.60GHz",1,False,exponential,image,1
4,video,yolo,yolov5n,2,10Gi,1,1,1,60,71,"checking the effect of changing all variables under arrival rate 1,\n cpu type: Intel(R) Xeon(R) Gold 6126 CPU @ 2.60GHz",1,False,exponential,image,1
5,video,yolo,yolov5n,2,10Gi,1,1,10,60,71,"checking the effect of changing all variables under arrival rate 1,\n cpu type: Intel(R) Xeon(R) Gold 6126 CPU @ 2.60GHz",1,False,exponential,image,1
6,video,yolo,yolov5n,2,10Gi,1,1,20,60,71,"checking the effect of changing all variables under arrival rate 1,\n cpu type: Intel(R) Xeon(R) Gold 6126 CPU @ 2.60GHz",1,False,exponential,image,1
7,video,yolo,yolov5n,4,10Gi,1,1,1,60,71,"checking the effect of changing all variables under arrival rate 1,\n cpu type: Intel(R) Xeon(R) Gold 6126 CPU @ 2.60GHz",1,False,exponential,image,1
8,video,yolo,yolov5n,4,10Gi,1,1,10,60,71,"checking the effect of changing all variables under arrival rate 1,\n cpu type: Intel(R) Xeon(R) Gold 6126 CPU @ 2.60GHz",1,False,exponential,image,1
9,video,yolo,yolov5n,4,10Gi,1,1,20,60,71,"checking the effect of changing all variables under arrival rate 1,\n cpu type: Intel(R) Xeon(R) Gold 6126 CPU @ 2.60GHz",1,False,exponential,image,1
10,video,yolo,yolov5n,8,10Gi,1,1,1,60,71,"checking the effect of changing all variables under arrival rate 1,\n cpu type: Intel(R) Xeon(R) Gold 6126 CPU @ 2.60GHz",1,False,exponential,image,1
11,video,yolo,yolov5n,8,10Gi,1,1,10,60,71,"checking the effect of changing all variables under arrival rate 1,\n cpu type: Intel(R) Xeon(R) Gold 6126 CPU @ 2.60GHz",1,False,exponential,image,1
12,video,yolo,yolov5n,8,10Gi,1,1,20,60,71,"checking the effect of changing all variables under arrival rate 1,\n cpu type: Intel(R) Xeon(R) Gold 6126 CPU @ 2.60GHz",1,False,exponential,image,1
13,video,yolo,yolov5n,1,10Gi,2,1,1,60,71,"checking the effect of changing all variables under arrival rate 1,\n cpu type: Intel(R) Xeon(R) Gold 6126 CPU @ 2.60GHz",1,False,exponential,image,1
14,video,yolo,yolov5n,1,10Gi,2,1,10,60,71,"checking the effect of changing all variables under arrival rate 1,\n cpu type: Intel(R) Xeon(R) Gold 6126 CPU @ 2.60GHz",1,False,exponential,image,1
15,video,yolo,yolov5n,1,10Gi,2,1,20,60,71,"checking the effect of changing all variables under arrival rate 1,\n cpu type: Intel(R) Xeon(R) Gold 6126 CPU @ 2.60GHz",1,False,exponential,image,1
16,video,yolo,yolov5n,2,10Gi,2,1,1,60,71,"checking the effect of changing all variables under arrival rate 1,\n cpu type: Intel(R) Xeon(R) Gold 6126 CPU @ 2.60GHz",1,False,exponential,image,1
17,video,yolo,yolov5n,2,10Gi,2,1,10,60,71,"checking the effect of changing all variables under arrival rate 1,\n cpu type: Intel(R) Xeon(R) Gold 6126 CPU @ 2.60GHz",1,False,exponential,image,1
18,video,yolo,yolov5n,2,10Gi,2,1,20,60,71,"checking the effect of changing all variables under arrival rate 1,\n cpu type: Intel(R) Xeon(R) Gold 6126 CPU @ 2.60GHz",1,False,exponential,image,1
19,video,yolo,yolov5n,4,10Gi,2,1,1,60,71,"checking the effect of changing all variables under arrival rate 1,\n cpu type: Intel(R) Xeon(R) Gold 6126 CPU @ 2.60GHz",1,False,exponential,image,1
20,video,yolo,yolov5n,4,10Gi,2,1,10,60,71,"checking the effect of changing all variables under arrival rate 1,\n cpu type: Intel(R) Xeon(R) Gold 6126 CPU @ 2.60GHz",1,False,exponential,image,1
21,video,yolo,yolov5n,4,10Gi,2,1,20,60,71,"checking the effect of changing all variables under arrival rate 1,\n cpu type: Intel(R) Xeon(R) Gold 6126 CPU @ 2.60GHz",1,False,exponential,image,1
22,video,yolo,yolov5n,8,10Gi,2,1,1,60,71,"checking the effect of changing all variables under arrival rate 1,\n cpu type: Intel(R) Xeon(R) Gold 6126 CPU @ 2.60GHz",1,False,exponential,image,1
23,video,yolo,yolov5n,8,10Gi,2,1,10,60,71,"checking the effect of changing all variables under arrival rate 1,\n cpu type: Intel(R) Xeon(R) Gold 6126 CPU @ 2.60GHz",1,False,exponential,image,1
24,video,yolo,yolov5n,8,10Gi,2,1,20,60,71,"checking the effect of changing all variables under arrival rate 1,\n cpu type: Intel(R) Xeon(R) Gold 6126 CPU @ 2.60GHz",1,False,exponential,image,1
25,video,yolo,yolov5n,1,10Gi,8,1,1,60,71,"checking the effect of changing all variables under arrival rate 1,\n cpu type: Intel(R) Xeon(R) Gold 6126 CPU @ 2.60GHz",1,False,exponential,image,1
26,video,yolo,yolov5n,1,10Gi,8,1,10,60,71,"checking the effect of changing all variables under arrival rate 1,\n cpu type: Intel(R) Xeon(R) Gold 6126 CPU @ 2.60GHz",1,False,exponential,image,1
27,video,yolo,yolov5n,1,10Gi,8,1,20,60,71,"checking the effect of changing all variables under arrival rate 1,\n cpu type: Intel(R) Xeon(R) Gold 6126 CPU @ 2.60GHz",1,False,exponential,image,1
28,video,yolo,yolov5n,2,10Gi,8,1,1,60,71,"checking the effect of changing all variables under arrival rate 1,\n cpu type: Intel(R) Xeon(R) Gold 6126 CPU @ 2.60GHz",1,False,exponential,image,1
29,video,yolo,yolov5n,2,10Gi,8,1,10,60,71,"checking the effect of changing all variables under arrival rate 1,\n cpu type: Intel(R) Xeon(R) Gold 6126 CPU @ 2.60GHz",1,False,exponential,image,1
30,video,yolo,yolov5n,2,10Gi,8,1,20,60,71,"checking the effect of changing all variables under arrival rate 1,\n cpu type: Intel(R) Xeon(R) Gold 6126 CPU @ 2.60GHz",1,False,exponential,image,1
31,video,yolo,yolov5n,4,10Gi,8,1,1,60,71,"checking the effect of changing all variables under arrival rate 1,\n cpu type: Intel(R) Xeon(R) Gold 6126 CPU @ 2.60GHz",1,False,exponential,image,1
32,video,yolo,yolov5n,4,10Gi,8,1,10,60,71,"checking the effect of changing all variables under arrival rate 1,\n cpu type: Intel(R) Xeon(R) Gold 6126 CPU @ 2.60GHz",1,False,exponential,image,1
33,video,yolo,yolov5n,4,10Gi,8,1,20,60,71,"checking the effect of changing all variables under arrival rate 1,\n cpu type: Intel(R) Xeon(R) Gold 6126 CPU @ 2.60GHz",1,False,exponential,image,1
34,video,yolo,yolov5n,8,10Gi,8,1,1,60,71,"checking the effect of changing all variables under arrival rate 1,\n cpu type: Intel(R) Xeon(R) Gold 6126 CPU @ 2.60GHz",1,False,exponential,image,1
35,video,yolo,yolov5n,8,10Gi,8,1,10,60,71,"checking the effect of changing all variables under arrival rate 1,\n cpu type: Intel(R) Xeon(R) Gold 6126 CPU @ 2.60GHz",1,False,exponential,image,1
36,video,yolo,yolov5n,8,10Gi,8,1,20,60,71,"checking the effect of changing all variables under arrival rate 1,\n cpu type: Intel(R) Xeon(R) Gold 6126 CPU @ 2.60GHz",1,False,exponential,image,1
37,video,yolo,yolov5n,1,10Gi,32,1,1,60,71,"checking the effect of changing all variables under arrival rate 1,\n cpu type: Intel(R) Xeon(R) Gold 6126 CPU @ 2.60GHz",1,False,exponential,image,1
38,video,yolo,yolov5n,1,10Gi,32,1,10,60,71,"checking the effect of changing all variables under arrival rate 1,\n cpu type: Intel(R) Xeon(R) Gold 6126 CPU @ 2.60GHz",1,False,exponential,image,1
39,video,yolo,yolov5n,1,10Gi,32,1,20,60,71,"checking the effect of changing all variables under arrival rate 1,\n cpu type: Intel(R) Xeon(R) Gold 6126 CPU @ 2.60GHz",1,False,exponential,image,1
40,video,yolo,yolov5n,2,10Gi,32,1,1,60,71,"checking the effect of changing all variables under arrival rate 1,\n cpu type: Intel(R) Xeon(R) Gold 6126 CPU @ 2.60GHz",1,False,exponential,image,1
41,video,yolo,yolov5n,2,10Gi,32,1,10,60,71,"checking the effect of changing all variables under arrival rate 1,\n cpu type: Intel(R) Xeon(R) Gold 6126 CPU @ 2.60GHz",1,False,exponential,image,1
42,video,yolo,yolov5n,2,10Gi,32,1,20,60,71,"checking the effect of changing all variables under arrival rate 1,\n cpu type: Intel(R) Xeon(R) Gold 6126 CPU @ 2.60GHz",1,False,exponential,image,1
43,video,yolo,yolov5n,4,10Gi,32,1,1,60,71,"checking the effect of changing all variables under arrival rate 1,\n cpu type: Intel(R) Xeon(R) Gold 6126 CPU @ 2.60GHz",1,False,exponential,image,1
44,video,yolo,yolov5n,4,10Gi,32,1,10,60,71,"checking the effect of changing all variables under arrival rate 1,\n cpu type: Intel(R) Xeon(R) Gold 6126 CPU @ 2.60GHz",1,False,exponential,image,1
45,video,yolo,yolov5n,4,10Gi,32,1,20,60,71,"checking the effect of changing all variables under arrival rate 1,\n cpu type: Intel(R) Xeon(R) Gold 6126 CPU @ 2.60GHz",1,False,exponential,image,1
46,video,yolo,yolov5n,8,10Gi,32,1,1,60,71,"checking the effect of changing all variables under arrival rate 1,\n cpu type: Intel(R) Xeon(R) Gold 6126 CPU @ 2.60GHz",1,False,exponential,image,1
47,video,yolo,yolov5n,8,10Gi,32,1,10,60,71,"checking the effect of changing all variables under arrival rate 1,\n cpu type: Intel(R) Xeon(R) Gold 6126 CPU @ 2.60GHz",1,False,exponential,image,1
48,video,yolo,yolov5n,8,10Gi,32,1,20,60,71,"checking the effect of changing all variables under arrival rate 1,\n cpu type: Intel(R) Xeon(R) Gold 6126 CPU @ 2.60GHz",1,False,exponential,image,1
49,video,yolo,yolov5n,1,10Gi,64,1,1,60,71,"checking the effect of changing all variables under arrival rate 1,\n cpu type: Intel(R) Xeon(R) Gold 6126 CPU @ 2.60GHz",1,False,exponential,image,1
50,video,yolo,yolov5n,1,10Gi,64,1,10,60,71,"checking the effect of changing all variables under arrival rate 1,\n cpu type: Intel(R) Xeon(R) Gold 6126 CPU @ 2.60GHz",1,False,exponential,image,1
51,video,yolo,yolov5n,1,10Gi,64,1,20,60,71,"checking the effect of changing all variables under arrival rate 1,\n cpu type: Intel(R) Xeon(R) Gold 6126 CPU @ 2.60GHz",1,False,exponential,image,1
52,video,yolo,yolov5n,2,10Gi,64,1,1,60,71,"checking the effect of changing all variables under arrival rate 1,\n cpu type: Intel(R) Xeon(R) Gold 6126 CPU @ 2.60GHz",1,False,exponential,image,1
53,video,yolo,yolov5n,2,10Gi,64,1,10,60,71,"checking the effect of changing all variables under arrival rate 1,\n cpu type: Intel(R) Xeon(R) Gold 6126 CPU @ 2.60GHz",1,False,exponential,image,1
54,video,yolo,yolov5n,2,10Gi,64,1,20,60,71,"checking the effect of changing all variables under arrival rate 1,\n cpu type: Intel(R) Xeon(R) Gold 6126 CPU @ 2.60GHz",1,False,exponential,image,1
55,video,yolo,yolov5n,4,10Gi,64,1,1,60,71,"checking the effect of changing all variables under arrival rate 1,\n cpu type: Intel(R) Xeon(R) Gold 6126 CPU @ 2.60GHz",1,False,exponential,image,1
56,video,yolo,yolov5n,4,10Gi,64,1,10,60,71,"checking the effect of changing all variables under arrival rate 1,\n cpu type: Intel(R) Xeon(R) Gold 6126 CPU @ 2.60GHz",1,False,exponential,image,1
57,video,yolo,yolov5n,4,10Gi,64,1,20,60,71,"checking the effect of changing all variables under arrival rate 1,\n cpu type: Intel(R) Xeon(R) Gold 6126 CPU @ 2.60GHz",1,False,exponential,image,1
58,video,yolo,yolov5n,8,10Gi,64,1,1,60,71,"checking the effect of changing all variables under arrival rate 1,\n cpu type: Intel(R) Xeon(R) Gold 6126 CPU @ 2.60GHz",1,False,exponential,image,1
59,video,yolo,yolov5n,8,10Gi,64,1,10,60,71,"checking the effect of changing all variables under arrival rate 1,\n cpu type: Intel(R) Xeon(R) Gold 6126 CPU @ 2.60GHz",1,False,exponential,image,1
60,video,yolo,yolov5n,8,10Gi,64,1,20,60,71,"checking the effect of changing all variables under arrival rate 1,\n cpu type: Intel(R) Xeon(R) Gold 6126 CPU @ 2.60GHz",1,False,exponential,image,1
61,video,yolo,yolov5s,1,10Gi,1,1,1,60,71,"checking the effect of changing all variables under arrival rate 1,\n cpu type: Intel(R) Xeon(R) Gold 6126 CPU @ 2.60GHz",1,False,exponential,image,1
62,video,yolo,yolov5s,1,10Gi,1,1,10,60,71,"checking the effect of changing all variables under arrival rate 1,\n cpu type: Intel(R) Xeon(R) Gold 6126 CPU @ 2.60GHz",1,False,exponential,image,1
63,video,yolo,yolov5s,1,10Gi,1,1,20,60,71,"checking the effect of changing all variables under arrival rate 1,\n cpu type: Intel(R) Xeon(R) Gold 6126 CPU @ 2.60GHz",1,False,exponential,image,1
64,video,yolo,yolov5s,2,10Gi,1,1,1,60,71,"checking the effect of changing all variables under arrival rate 1,\n cpu type: Intel(R) Xeon(R) Gold 6126 CPU @ 2.60GHz",1,False,exponential,image,1
65,video,yolo,yolov5s,2,10Gi,1,1,10,60,71,"checking the effect of changing all variables under arrival rate 1,\n cpu type: Intel(R) Xeon(R) Gold 6126 CPU @ 2.60GHz",1,False,exponential,image,1
66,video,yolo,yolov5s,2,10Gi,1,1,20,60,71,"checking the effect of changing all variables under arrival rate 1,\n cpu type: Intel(R) Xeon(R) Gold 6126 CPU @ 2.60GHz",1,False,exponential,image,1
67,video,yolo,yolov5s,4,10Gi,1,1,1,60,71,"checking the effect of changing all variables under arrival rate 1,\n cpu type: Intel(R) Xeon(R) Gold 6126 CPU @ 2.60GHz",1,False,exponential,image,1
68,video,yolo,yolov5s,4,10Gi,1,1,10,60,71,"checking the effect of changing all variables under arrival rate 1,\n cpu type: Intel(R) Xeon(R) Gold 6126 CPU @ 2.60GHz",1,False,exponential,image,1
69,video,yolo,yolov5s,4,10Gi,1,1,20,60,71,"checking the effect of changing all variables under arrival rate 1,\n cpu type: Intel(R) Xeon(R) Gold 6126 CPU @ 2.60GHz",1,False,exponential,image,1
70,video,yolo,yolov5s,8,10Gi,1,1,1,60,71,"checking the effect of changing all variables under arrival rate 1,\n cpu type: Intel(R) Xeon(R) Gold 6126 CPU @ 2.60GHz",1,False,exponential,image,1
71,video,yolo,yolov5s,8,10Gi,1,1,10,60,71,"checking the effect of changing all variables under arrival rate 1,\n cpu type: Intel(R) Xeon(R) Gold 6126 CPU @ 2.60GHz",1,False,exponential,image,1
72,video,yolo,yolov5s,8,10Gi,1,1,20,60,71,"checking the effect of changing all variables under arrival rate 1,\n cpu type: Intel(R) Xeon(R) Gold 6126 CPU @ 2.60GHz",1,False,exponential,image,1
73,video,yolo,yolov5s,1,10Gi,2,1,1,60,71,"checking the effect of changing all variables under arrival rate 1,\n cpu type: Intel(R) Xeon(R) Gold 6126 CPU @ 2.60GHz",1,False,exponential,image,1
74,video,yolo,yolov5s,1,10Gi,2,1,10,60,71,"checking the effect of changing all variables under arrival rate 1,\n cpu type: Intel(R) Xeon(R) Gold 6126 CPU @ 2.60GHz",1,False,exponential,image,1
75,video,yolo,yolov5s,1,10Gi,2,1,20,60,71,"checking the effect of changing all variables under arrival rate 1,\n cpu type: Intel(R) Xeon(R) Gold 6126 CPU @ 2.60GHz",1,False,exponential,image,1
76,video,yolo,yolov5s,2,10Gi,2,1,1,60,71,"checking the effect of changing all variables under arrival rate 1,\n cpu type: Intel(R) Xeon(R) Gold 6126 CPU @ 2.60GHz",1,False,exponential,image,1
77,video,yolo,yolov5s,2,10Gi,2,1,10,60,71,"checking the effect of changing all variables under arrival rate 1,\n cpu type: Intel(R) Xeon(R) Gold 6126 CPU @ 2.60GHz",1,False,exponential,image,1
78,video,yolo,yolov5s,2,10Gi,2,1,20,60,71,"checking the effect of changing all variables under arrival rate 1,\n cpu type: Intel(R) Xeon(R) Gold 6126 CPU @ 2.60GHz",1,False,exponential,image,1
79,video,yolo,yolov5s,4,10Gi,2,1,1,60,71,"checking the effect of changing all variables under arrival rate 1,\n cpu type: Intel(R) Xeon(R) Gold 6126 CPU @ 2.60GHz",1,False,exponential,image,1
80,video,yolo,yolov5s,4,10Gi,2,1,10,60,71,"checking the effect of changing all variables under arrival rate 1,\n cpu type: Intel(R) Xeon(R) Gold 6126 CPU @ 2.60GHz",1,False,exponential,image,1
81,video,yolo,yolov5s,4,10Gi,2,1,20,60,71,"checking the effect of changing all variables under arrival rate 1,\n cpu type: Intel(R) Xeon(R) Gold 6126 CPU @ 2.60GHz",1,False,exponential,image,1
82,video,yolo,yolov5s,8,10Gi,2,1,1,60,71,"checking the effect of changing all variables under arrival rate 1,\n cpu type: Intel(R) Xeon(R) Gold 6126 CPU @ 2.60GHz",1,False,exponential,image,1
83,video,yolo,yolov5s,8,10Gi,2,1,10,60,71,"checking the effect of changing all variables under arrival rate 1,\n cpu type: Intel(R) Xeon(R) Gold 6126 CPU @ 2.60GHz",1,False,exponential,image,1
84,video,yolo,yolov5s,8,10Gi,2,1,20,60,71,"checking the effect of changing all variables under arrival rate 1,\n cpu type: Intel(R) Xeon(R) Gold 6126 CPU @ 2.60GHz",1,False,exponential,image,1
85,video,yolo,yolov5s,1,10Gi,8,1,1,60,71,"checking the effect of changing all variables under arrival rate 1,\n cpu type: Intel(R) Xeon(R) Gold 6126 CPU @ 2.60GHz",1,False,exponential,image,1
86,video,yolo,yolov5s,1,10Gi,8,1,10,60,71,"checking the effect of changing all variables under arrival rate 1,\n cpu type: Intel(R) Xeon(R) Gold 6126 CPU @ 2.60GHz",1,False,exponential,image,1
87,video,yolo,yolov5s,1,10Gi,8,1,20,60,71,"checking the effect of changing all variables under arrival rate 1,\n cpu type: Intel(R) Xeon(R) Gold 6126 CPU @ 2.60GHz",1,False,exponential,image,1
88,video,yolo,yolov5s,2,10Gi,8,1,1,60,71,"checking the effect of changing all variables under arrival rate 1,\n cpu type: Intel(R) Xeon(R) Gold 6126 CPU @ 2.60GHz",1,False,exponential,image,1
89,video,yolo,yolov5s,2,10Gi,8,1,10,60,71,"checking the effect of changing all variables under arrival rate 1,\n cpu type: Intel(R) Xeon(R) Gold 6126 CPU @ 2.60GHz",1,False,exponential,image,1
90,video,yolo,yolov5s,2,10Gi,8,1,20,60,71,"checking the effect of changing all variables under arrival rate 1,\n cpu type: Intel(R) Xeon(R) Gold 6126 CPU @ 2.60GHz",1,False,exponential,image,1
91,video,yolo,yolov5s,4,10Gi,8,1,1,60,71,"checking the effect of changing all variables under arrival rate 1,\n cpu type: Intel(R) Xeon(R) Gold 6126 CPU @ 2.60GHz",1,False,exponential,image,1
92,video,yolo,yolov5s,4,10Gi,8,1,10,60,71,"checking the effect of changing all variables under arrival rate 1,\n cpu type: Intel(R) Xeon(R) Gold 6126 CPU @ 2.60GHz",1,False,exponential,image,1
93,video,yolo,yolov5s,4,10Gi,8,1,20,60,71,"checking the effect of changing all variables under arrival rate 1,\n cpu type: Intel(R) Xeon(R) Gold 6126 CPU @ 2.60GHz",1,False,exponential,image,1
94,video,yolo,yolov5s,8,10Gi,8,1,1,60,71,"checking the effect of changing all variables under arrival rate 1,\n cpu type: Intel(R) Xeon(R) Gold 6126 CPU @ 2.60GHz",1,False,exponential,image,1
95,video,yolo,yolov5s,8,10Gi,8,1,10,60,71,"checking the effect of changing all variables under arrival rate 1,\n cpu type: Intel(R) Xeon(R) Gold 6126 CPU @ 2.60GHz",1,False,exponential,image,1
96,video,yolo,yolov5s,8,10Gi,8,1,20,60,71,"checking the effect of changing all variables under arrival rate 1,\n cpu type: Intel(R) Xeon(R) Gold 6126 CPU @ 2.60GHz",1,False,exponential,image,1
97,video,yolo,yolov5s,1,10Gi,32,1,1,60,71,"checking the effect of changing all variables under arrival rate 1,\n cpu type: Intel(R) Xeon(R) Gold 6126 CPU @ 2.60GHz",1,False,exponential,image,1
98,video,yolo,yolov5s,1,10Gi,32,1,10,60,71,"checking the effect of changing all variables under arrival rate 1,\n cpu type: Intel(R) Xeon(R) Gold 6126 CPU @ 2.60GHz",1,False,exponential,image,1
99,video,yolo,yolov5s,1,10Gi,32,1,20,60,71,"checking the effect of changing all variables under arrival rate 1,\n cpu type: Intel(R) Xeon(R) Gold 6126 CPU @ 2.60GHz",1,False,exponential,image,1
100,video,yolo,yolov5s,2,10Gi,32,1,1,60,71,"checking the effect of changing all variables under arrival rate 1,\n cpu type: Intel(R) Xeon(R) Gold 6126 CPU @ 2.60GHz",1,False,exponential,image,1
101,video,yolo,yolov5s,2,10Gi,32,1,10,60,71,"checking the effect of changing all variables under arrival rate 1,\n cpu type: Intel(R) Xeon(R) Gold 6126 CPU @ 2.60GHz",1,False,exponential,image,1
102,video,yolo,yolov5s,2,10Gi,32,1,20,60,71,"checking the effect of changing all variables under arrival rate 1,\n cpu type: Intel(R) Xeon(R) Gold 6126 CPU @ 2.60GHz",1,False,exponential,image,1
103,video,yolo,yolov5s,4,10Gi,32,1,1,60,71,"checking the effect of changing all variables under arrival rate 1,\n cpu type: Intel(R) Xeon(R) Gold 6126 CPU @ 2.60GHz",1,False,exponential,image,1
104,video,yolo,yolov5s,4,10Gi,32,1,10,60,71,"checking the effect of changing all variables under arrival rate 1,\n cpu type: Intel(R) Xeon(R) Gold 6126 CPU @ 2.60GHz",1,False,exponential,image,1
105,video,yolo,yolov5s,4,10Gi,32,1,20,60,71,"checking the effect of changing all variables under arrival rate 1,\n cpu type: Intel(R) Xeon(R) Gold 6126 CPU @ 2.60GHz",1,False,exponential,image,1
106,video,yolo,yolov5s,8,10Gi,32,1,1,60,71,"checking the effect of changing all variables under arrival rate 1,\n cpu type: Intel(R) Xeon(R) Gold 6126 CPU @ 2.60GHz",1,False,exponential,image,1
107,video,yolo,yolov5s,8,10Gi,32,1,10,60,71,"checking the effect of changing all variables under arrival rate 1,\n cpu type: Intel(R) Xeon(R) Gold 6126 CPU @ 2.60GHz",1,False,exponential,image,1
108,video,yolo,yolov5s,8,10Gi,32,1,20,60,71,"checking the effect of changing all variables under arrival rate 1,\n cpu type: Intel(R) Xeon(R) Gold 6126 CPU @ 2.60GHz",1,False,exponential,image,1
109,video,yolo,yolov5s,1,10Gi,64,1,1,60,71,"checking the effect of changing all variables under arrival rate 1,\n cpu type: Intel(R) Xeon(R) Gold 6126 CPU @ 2.60GHz",1,False,exponential,image,1
110,video,yolo,yolov5s,1,10Gi,64,1,10,60,71,"checking the effect of changing all variables under arrival rate 1,\n cpu type: Intel(R) Xeon(R) Gold 6126 CPU @ 2.60GHz",1,False,exponential,image,1
111,video,yolo,yolov5s,1,10Gi,64,1,20,60,71,"checking the effect of changing all variables under arrival rate 1,\n cpu type: Intel(R) Xeon(R) Gold 6126 CPU @ 2.60GHz",1,False,exponential,image,1
112,video,yolo,yolov5s,2,10Gi,64,1,1,60,71,"checking the effect of changing all variables under arrival rate 1,\n cpu type: Intel(R) Xeon(R) Gold 6126 CPU @ 2.60GHz",1,False,exponential,image,1
113,video,yolo,yolov5s,2,10Gi,64,1,10,60,71,"checking the effect of changing all variables under arrival rate 1,\n cpu type: Intel(R) Xeon(R) Gold 6126 CPU @ 2.60GHz",1,False,exponential,image,1
114,video,yolo,yolov5s,2,10Gi,64,1,20,60,71,"checking the effect of changing all variables under arrival rate 1,\n cpu type: Intel(R) Xeon(R) Gold 6126 CPU @ 2.60GHz",1,False,exponential,image,1
115,video,yolo,yolov5s,4,10Gi,64,1,1,60,71,"checking the effect of changing all variables under arrival rate 1,\n cpu type: Intel(R) Xeon(R) Gold 6126 CPU @ 2.60GHz",1,False,exponential,image,1
116,video,yolo,yolov5s,4,10Gi,64,1,10,60,71,"checking the effect of changing all variables under arrival rate 1,\n cpu type: Intel(R) Xeon(R) Gold 6126 CPU @ 2.60GHz",1,False,exponential,image,1
117,video,yolo,yolov5s,4,10Gi,64,1,20,60,71,"checking the effect of changing all variables under arrival rate 1,\n cpu type: Intel(R) Xeon(R) Gold 6126 CPU @ 2.60GHz",1,False,exponential,image,1
118,video,yolo,yolov5s,8,10Gi,64,1,1,60,71,"checking the effect of changing all variables under arrival rate 1,\n cpu type: Intel(R) Xeon(R) Gold 6126 CPU @ 2.60GHz",1,False,exponential,image,1
119,video,yolo,yolov5s,8,10Gi,64,1,10,60,71,"checking the effect of changing all variables under arrival rate 1,\n cpu type: Intel(R) Xeon(R) Gold 6126 CPU @ 2.60GHz",1,False,exponential,image,1
120,video,yolo,yolov5s,8,10Gi,64,1,20,60,71,"checking the effect of changing all variables under arrival rate 1,\n cpu type: Intel(R) Xeon(R) Gold 6126 CPU @ 2.60GHz",1,False,exponential,image,1
121,video,yolo,yolov5m,1,10Gi,1,1,1,60,71,"checking the effect of changing all variables under arrival rate 1,\n cpu type: Intel(R) Xeon(R) Gold 6126 CPU @ 2.60GHz",1,False,exponential,image,1
122,video,yolo,yolov5m,1,10Gi,1,1,10,60,71,"checking the effect of changing all variables under arrival rate 1,\n cpu type: Intel(R) Xeon(R) Gold 6126 CPU @ 2.60GHz",1,False,exponential,image,1
123,video,yolo,yolov5m,1,10Gi,1,1,20,60,71,"checking the effect of changing all variables under arrival rate 1,\n cpu type: Intel(R) Xeon(R) Gold 6126 CPU @ 2.60GHz",1,False,exponential,image,1
124,video,yolo,yolov5m,2,10Gi,1,1,1,60,71,"checking the effect of changing all variables under arrival rate 1,\n cpu type: Intel(R) Xeon(R) Gold 6126 CPU @ 2.60GHz",1,False,exponential,image,1
125,video,yolo,yolov5m,2,10Gi,1,1,10,60,71,"checking the effect of changing all variables under arrival rate 1,\n cpu type: Intel(R) Xeon(R) Gold 6126 CPU @ 2.60GHz",1,False,exponential,image,1
126,video,yolo,yolov5m,2,10Gi,1,1,20,60,71,"checking the effect of changing all variables under arrival rate 1,\n cpu type: Intel(R) Xeon(R) Gold 6126 CPU @ 2.60GHz",1,False,exponential,image,1
127,video,yolo,yolov5m,4,10Gi,1,1,1,60,71,"checking the effect of changing all variables under arrival rate 1,\n cpu type: Intel(R) Xeon(R) Gold 6126 CPU @ 2.60GHz",1,False,exponential,image,1
128,video,yolo,yolov5m,4,10Gi,1,1,10,60,71,"checking the effect of changing all variables under arrival rate 1,\n cpu type: Intel(R) Xeon(R) Gold 6126 CPU @ 2.60GHz",1,False,exponential,image,1
129,video,yolo,yolov5m,4,10Gi,1,1,20,60,71,"checking the effect of changing all variables under arrival rate 1,\n cpu type: Intel(R) Xeon(R) Gold 6126 CPU @ 2.60GHz",1,False,exponential,image,1
130,video,yolo,yolov5m,8,10Gi,1,1,1,60,71,"checking the effect of changing all variables under arrival rate 1,\n cpu type: Intel(R) Xeon(R) Gold 6126 CPU @ 2.60GHz",1,False,exponential,image,1
131,video,yolo,yolov5m,8,10Gi,1,1,10,60,71,"checking the effect of changing all variables under arrival rate 1,\n cpu type: Intel(R) Xeon(R) Gold 6126 CPU @ 2.60GHz",1,False,exponential,image,1
132,video,yolo,yolov5m,8,10Gi,1,1,20,60,71,"checking the effect of changing all variables under arrival rate 1,\n cpu type: Intel(R) Xeon(R) Gold 6126 CPU @ 2.60GHz",1,False,exponential,image,1
133,video,yolo,yolov5m,1,10Gi,2,1,1,60,71,"checking the effect of changing all variables under arrival rate 1,\n cpu type: Intel(R) Xeon(R) Gold 6126 CPU @ 2.60GHz",1,False,exponential,image,1
134,video,yolo,yolov5m,1,10Gi,2,1,10,60,71,"checking the effect of changing all variables under arrival rate 1,\n cpu type: Intel(R) Xeon(R) Gold 6126 CPU @ 2.60GHz",1,False,exponential,image,1
135,video,yolo,yolov5m,1,10Gi,2,1,20,60,71,"checking the effect of changing all variables under arrival rate 1,\n cpu type: Intel(R) Xeon(R) Gold 6126 CPU @ 2.60GHz",1,False,exponential,image,1
136,video,yolo,yolov5m,2,10Gi,2,1,1,60,71,"checking the effect of changing all variables under arrival rate 1,\n cpu type: Intel(R) Xeon(R) Gold 6126 CPU @ 2.60GHz",1,False,exponential,image,1
137,video,yolo,yolov5m,2,10Gi,2,1,10,60,71,"checking the effect of changing all variables under arrival rate 1,\n cpu type: Intel(R) Xeon(R) Gold 6126 CPU @ 2.60GHz",1,False,exponential,image,1
138,video,yolo,yolov5m,2,10Gi,2,1,20,60,71,"checking the effect of changing all variables under arrival rate 1,\n cpu type: Intel(R) Xeon(R) Gold 6126 CPU @ 2.60GHz",1,False,exponential,image,1
139,video,yolo,yolov5m,4,10Gi,2,1,1,60,71,"checking the effect of changing all variables under arrival rate 1,\n cpu type: Intel(R) Xeon(R) Gold 6126 CPU @ 2.60GHz",1,False,exponential,image,1
140,video,yolo,yolov5m,4,10Gi,2,1,10,60,71,"checking the effect of changing all variables under arrival rate 1,\n cpu type: Intel(R) Xeon(R) Gold 6126 CPU @ 2.60GHz",1,False,exponential,image,1
141,video,yolo,yolov5m,4,10Gi,2,1,20,60,71,"checking the effect of changing all variables under arrival rate 1,\n cpu type: Intel(R) Xeon(R) Gold 6126 CPU @ 2.60GHz",1,False,exponential,image,1
142,video,yolo,yolov5m,8,10Gi,2,1,1,60,71,"checking the effect of changing all variables under arrival rate 1,\n cpu type: Intel(R) Xeon(R) Gold 6126 CPU @ 2.60GHz",1,False,exponential,image,1
143,video,yolo,yolov5m,8,10Gi,2,1,10,60,71,"checking the effect of changing all variables under arrival rate 1,\n cpu type: Intel(R) Xeon(R) Gold 6126 CPU @ 2.60GHz",1,False,exponential,image,1
144,video,yolo,yolov5m,8,10Gi,2,1,20,60,71,"checking the effect of changing all variables under arrival rate 1,\n cpu type: Intel(R) Xeon(R) Gold 6126 CPU @ 2.60GHz",1,False,exponential,image,1
145,video,yolo,yolov5m,1,10Gi,8,1,1,60,71,"checking the effect of changing all variables under arrival rate 1,\n cpu type: Intel(R) Xeon(R) Gold 6126 CPU @ 2.60GHz",1,False,exponential,image,1
146,video,yolo,yolov5m,1,10Gi,8,1,10,60,71,"checking the effect of changing all variables under arrival rate 1,\n cpu type: Intel(R) Xeon(R) Gold 6126 CPU @ 2.60GHz",1,False,exponential,image,1
147,video,yolo,yolov5m,1,10Gi,8,1,20,60,71,"checking the effect of changing all variables under arrival rate 1,\n cpu type: Intel(R) Xeon(R) Gold 6126 CPU @ 2.60GHz",1,False,exponential,image,1
148,video,yolo,yolov5m,2,10Gi,8,1,1,60,71,"checking the effect of changing all variables under arrival rate 1,\n cpu type: Intel(R) Xeon(R) Gold 6126 CPU @ 2.60GHz",1,False,exponential,image,1
149,video,yolo,yolov5m,2,10Gi,8,1,10,60,71,"checking the effect of changing all variables under arrival rate 1,\n cpu type: Intel(R) Xeon(R) Gold 6126 CPU @ 2.60GHz",1,False,exponential,image,1
150,video,yolo,yolov5m,2,10Gi,8,1,20,60,71,"checking the effect of changing all variables under arrival rate 1,\n cpu type: Intel(R) Xeon(R) Gold 6126 CPU @ 2.60GHz",1,False,exponential,image,1
151,video,yolo,yolov5m,4,10Gi,8,1,1,60,71,"checking the effect of changing all variables under arrival rate 1,\n cpu type: Intel(R) Xeon(R) Gold 6126 CPU @ 2.60GHz",1,False,exponential,image,1
152,video,yolo,yolov5m,4,10Gi,8,1,10,60,71,"checking the effect of changing all variables under arrival rate 1,\n cpu type: Intel(R) Xeon(R) Gold 6126 CPU @ 2.60GHz",1,False,exponential,image,1
153,video,yolo,yolov5m,4,10Gi,8,1,20,60,71,"checking the effect of changing all variables under arrival rate 1,\n cpu type: Intel(R) Xeon(R) Gold 6126 CPU @ 2.60GHz",1,False,exponential,image,1
154,video,yolo,yolov5m,8,10Gi,8,1,1,60,71,"checking the effect of changing all variables under arrival rate 1,\n cpu type: Intel(R) Xeon(R) Gold 6126 CPU @ 2.60GHz",1,False,exponential,image,1
155,video,yolo,yolov5m,8,10Gi,8,1,10,60,71,"checking the effect of changing all variables under arrival rate 1,\n cpu type: Intel(R) Xeon(R) Gold 6126 CPU @ 2.60GHz",1,False,exponential,image,1
156,video,yolo,yolov5m,8,10Gi,8,1,20,60,71,"checking the effect of changing all variables under arrival rate 1,\n cpu type: Intel(R) Xeon(R) Gold 6126 CPU @ 2.60GHz",1,False,exponential,image,1
157,video,yolo,yolov5m,1,10Gi,32,1,1,60,71,"checking the effect of changing all variables under arrival rate 1,\n cpu type: Intel(R) Xeon(R) Gold 6126 CPU @ 2.60GHz",1,False,exponential,image,1
158,video,yolo,yolov5m,1,10Gi,32,1,10,60,71,"checking the effect of changing all variables under arrival rate 1,\n cpu type: Intel(R) Xeon(R) Gold 6126 CPU @ 2.60GHz",1,False,exponential,image,1
159,video,yolo,yolov5m,1,10Gi,32,1,20,60,71,"checking the effect of changing all variables under arrival rate 1,\n cpu type: Intel(R) Xeon(R) Gold 6126 CPU @ 2.60GHz",1,False,exponential,image,1
160,video,yolo,yolov5m,2,10Gi,32,1,1,60,71,"checking the effect of changing all variables under arrival rate 1,\n cpu type: Intel(R) Xeon(R) Gold 6126 CPU @ 2.60GHz",1,False,exponential,image,1
161,video,yolo,yolov5m,2,10Gi,32,1,10,60,71,"checking the effect of changing all variables under arrival rate 1,\n cpu type: Intel(R) Xeon(R) Gold 6126 CPU @ 2.60GHz",1,False,exponential,image,1
162,video,yolo,yolov5m,2,10Gi,32,1,20,60,71,"checking the effect of changing all variables under arrival rate 1,\n cpu type: Intel(R) Xeon(R) Gold 6126 CPU @ 2.60GHz",1,False,exponential,image,1
163,video,yolo,yolov5m,4,10Gi,32,1,1,60,71,"checking the effect of changing all variables under arrival rate 1,\n cpu type: Intel(R) Xeon(R) Gold 6126 CPU @ 2.60GHz",1,False,exponential,image,1
164,video,yolo,yolov5m,4,10Gi,32,1,10,60,71,"checking the effect of changing all variables under arrival rate 1,\n cpu type: Intel(R) Xeon(R) Gold 6126 CPU @ 2.60GHz",1,False,exponential,image,1
165,video,yolo,yolov5m,4,10Gi,32,1,20,60,71,"checking the effect of changing all variables under arrival rate 1,\n cpu type: Intel(R) Xeon(R) Gold 6126 CPU @ 2.60GHz",1,False,exponential,image,1
166,video,yolo,yolov5m,8,10Gi,32,1,1,60,71,"checking the effect of changing all variables under arrival rate 1,\n cpu type: Intel(R) Xeon(R) Gold 6126 CPU @ 2.60GHz",1,False,exponential,image,1
167,video,yolo,yolov5m,8,10Gi,32,1,10,60,71,"checking the effect of changing all variables under arrival rate 1,\n cpu type: Intel(R) Xeon(R) Gold 6126 CPU @ 2.60GHz",1,False,exponential,image,1
168,video,yolo,yolov5m,8,10Gi,32,1,20,60,71,"checking the effect of changing all variables under arrival rate 1,\n cpu type: Intel(R) Xeon(R) Gold 6126 CPU @ 2.60GHz",1,False,exponential,image,1
169,video,yolo,yolov5m,1,10Gi,64,1,1,60,71,"checking the effect of changing all variables under arrival rate 1,\n cpu type: Intel(R) Xeon(R) Gold 6126 CPU @ 2.60GHz",1,False,exponential,image,1
170,video,yolo,yolov5m,1,10Gi,64,1,10,60,71,"checking the effect of changing all variables under arrival rate 1,\n cpu type: Intel(R) Xeon(R) Gold 6126 CPU @ 2.60GHz",1,False,exponential,image,1
171,video,yolo,yolov5m,1,10Gi,64,1,20,60,71,"checking the effect of changing all variables under arrival rate 1,\n cpu type: Intel(R) Xeon(R) Gold 6126 CPU @ 2.60GHz",1,False,exponential,image,1
172,video,yolo,yolov5m,2,10Gi,64,1,1,60,71,"checking the effect of changing all variables under arrival rate 1,\n cpu type: Intel(R) Xeon(R) Gold 6126 CPU @ 2.60GHz",1,False,exponential,image,1
173,video,yolo,yolov5m,2,10Gi,64,1,10,60,71,"checking the effect of changing all variables under arrival rate 1,\n cpu type: Intel(R) Xeon(R) Gold 6126 CPU @ 2.60GHz",1,False,exponential,image,1
174,video,yolo,yolov5m,2,10Gi,64,1,20,60,71,"checking the effect of changing all variables under arrival rate 1,\n cpu type: Intel(R) Xeon(R) Gold 6126 CPU @ 2.60GHz",1,False,exponential,image,1
175,video,yolo,yolov5m,4,10Gi,64,1,1,60,71,"checking the effect of changing all variables under arrival rate 1,\n cpu type: Intel(R) Xeon(R) Gold 6126 CPU @ 2.60GHz",1,False,exponential,image,1
176,video,yolo,yolov5m,4,10Gi,64,1,10,60,71,"checking the effect of changing all variables under arrival rate 1,\n cpu type: Intel(R) Xeon(R) Gold 6126 CPU @ 2.60GHz",1,False,exponential,image,1
177,video,yolo,yolov5m,4,10Gi,64,1,20,60,71,"checking the effect of changing all variables under arrival rate 1,\n cpu type: Intel(R) Xeon(R) Gold 6126 CPU @ 2.60GHz",1,False,exponential,image,1
178,video,yolo,yolov5m,8,10Gi,64,1,1,60,71,"checking the effect of changing all variables under arrival rate 1,\n cpu type: Intel(R) Xeon(R) Gold 6126 CPU @ 2.60GHz",1,False,exponential,image,1
179,video,yolo,yolov5m,8,10Gi,64,1,10,60,71,"checking the effect of changing all variables under arrival rate 1,\n cpu type: Intel(R) Xeon(R) Gold 6126 CPU @ 2.60GHz",1,False,exponential,image,1
180,video,yolo,yolov5m,8,10Gi,64,1,20,60,71,"checking the effect of changing all variables under arrival rate 1,\n cpu type: Intel(R) Xeon(R) Gold 6126 CPU @ 2.60GHz",1,False,exponential,image,1
181,video,yolo,yolov5l,1,10Gi,1,1,1,60,71,"checking the effect of changing all variables under arrival rate 1,\n cpu type: Intel(R) Xeon(R) Gold 6126 CPU @ 2.60GHz",1,False,exponential,image,1
182,video,yolo,yolov5l,1,10Gi,1,1,10,60,71,"checking the effect of changing all variables under arrival rate 1,\n cpu type: Intel(R) Xeon(R) Gold 6126 CPU @ 2.60GHz",1,False,exponential,image,1
183,video,yolo,yolov5l,1,10Gi,1,1,20,60,71,"checking the effect of changing all variables under arrival rate 1,\n cpu type: Intel(R) Xeon(R) Gold 6126 CPU @ 2.60GHz",1,False,exponential,image,1
184,video,yolo,yolov5l,2,10Gi,1,1,1,60,71,"checking the effect of changing all variables under arrival rate 1,\n cpu type: Intel(R) Xeon(R) Gold 6126 CPU @ 2.60GHz",1,False,exponential,image,1
185,video,yolo,yolov5l,2,10Gi,1,1,10,60,71,"checking the effect of changing all variables under arrival rate 1,\n cpu type: Intel(R) Xeon(R) Gold 6126 CPU @ 2.60GHz",1,False,exponential,image,1
186,video,yolo,yolov5l,2,10Gi,1,1,20,60,71,"checking the effect of changing all variables under arrival rate 1,\n cpu type: Intel(R) Xeon(R) Gold 6126 CPU @ 2.60GHz",1,False,exponential,image,1
187,video,yolo,yolov5l,4,10Gi,1,1,1,60,71,"checking the effect of changing all variables under arrival rate 1,\n cpu type: Intel(R) Xeon(R) Gold 6126 CPU @ 2.60GHz",1,False,exponential,image,1
188,video,yolo,yolov5l,4,10Gi,1,1,10,60,71,"checking the effect of changing all variables under arrival rate 1,\n cpu type: Intel(R) Xeon(R) Gold 6126 CPU @ 2.60GHz",1,False,exponential,image,1
189,video,yolo,yolov5l,4,10Gi,1,1,20,60,71,"checking the effect of changing all variables under arrival rate 1,\n cpu type: Intel(R) Xeon(R) Gold 6126 CPU @ 2.60GHz",1,False,exponential,image,1
190,video,yolo,yolov5l,8,10Gi,1,1,1,60,71,"checking the effect of changing all variables under arrival rate 1,\n cpu type: Intel(R) Xeon(R) Gold 6126 CPU @ 2.60GHz",1,False,exponential,image,1
191,video,yolo,yolov5l,8,10Gi,1,1,10,60,71,"checking the effect of changing all variables under arrival rate 1,\n cpu type: Intel(R) Xeon(R) Gold 6126 CPU @ 2.60GHz",1,False,exponential,image,1
192,video,yolo,yolov5l,8,10Gi,1,1,20,60,71,"checking the effect of changing all variables under arrival rate 1,\n cpu type: Intel(R) Xeon(R) Gold 6126 CPU @ 2.60GHz",1,False,exponential,image,1
193,video,yolo,yolov5l,1,10Gi,2,1,1,60,71,"checking the effect of changing all variables under arrival rate 1,\n cpu type: Intel(R) Xeon(R) Gold 6126 CPU @ 2.60GHz",1,False,exponential,image,1
194,video,yolo,yolov5l,1,10Gi,2,1,10,60,71,"checking the effect of changing all variables under arrival rate 1,\n cpu type: Intel(R) Xeon(R) Gold 6126 CPU @ 2.60GHz",1,False,exponential,image,1
195,video,yolo,yolov5l,1,10Gi,2,1,20,60,71,"checking the effect of changing all variables under arrival rate 1,\n cpu type: Intel(R) Xeon(R) Gold 6126 CPU @ 2.60GHz",1,False,exponential,image,1
196,video,yolo,yolov5l,2,10Gi,2,1,1,60,71,"checking the effect of changing all variables under arrival rate 1,\n cpu type: Intel(R) Xeon(R) Gold 6126 CPU @ 2.60GHz",1,False,exponential,image,1
197,video,yolo,yolov5l,2,10Gi,2,1,10,60,71,"checking the effect of changing all variables under arrival rate 1,\n cpu type: Intel(R) Xeon(R) Gold 6126 CPU @ 2.60GHz",1,False,exponential,image,1
198,video,yolo,yolov5l,2,10Gi,2,1,20,60,71,"checking the effect of changing all variables under arrival rate 1,\n cpu type: Intel(R) Xeon(R) Gold 6126 CPU @ 2.60GHz",1,False,exponential,image,1
199,video,yolo,yolov5l,4,10Gi,2,1,1,60,71,"checking the effect of changing all variables under arrival rate 1,\n cpu type: Intel(R) Xeon(R) Gold 6126 CPU @ 2.60GHz",1,False,exponential,image,1
200,video,yolo,yolov5l,4,10Gi,2,1,10,60,71,"checking the effect of changing all variables under arrival rate 1,\n cpu type: Intel(R) Xeon(R) Gold 6126 CPU @ 2.60GHz",1,False,exponential,image,1
201,video,yolo,yolov5l,4,10Gi,2,1,20,60,71,"checking the effect of changing all variables under arrival rate 1,\n cpu type: Intel(R) Xeon(R) Gold 6126 CPU @ 2.60GHz",1,False,exponential,image,1
202,video,yolo,yolov5l,8,10Gi,2,1,1,60,71,"checking the effect of changing all variables under arrival rate 1,\n cpu type: Intel(R) Xeon(R) Gold 6126 CPU @ 2.60GHz",1,False,exponential,image,1
203,video,yolo,yolov5l,8,10Gi,2,1,10,60,71,"checking the effect of changing all variables under arrival rate 1,\n cpu type: Intel(R) Xeon(R) Gold 6126 CPU @ 2.60GHz",1,False,exponential,image,1
204,video,yolo,yolov5l,8,10Gi,2,1,20,60,71,"checking the effect of changing all variables under arrival rate 1,\n cpu type: Intel(R) Xeon(R) Gold 6126 CPU @ 2.60GHz",1,False,exponential,image,1
205,video,yolo,yolov5l,1,10Gi,8,1,1,60,71,"checking the effect of changing all variables under arrival rate 1,\n cpu type: Intel(R) Xeon(R) Gold 6126 CPU @ 2.60GHz",1,False,exponential,image,1
206,video,yolo,yolov5l,1,10Gi,8,1,10,60,71,"checking the effect of changing all variables under arrival rate 1,\n cpu type: Intel(R) Xeon(R) Gold 6126 CPU @ 2.60GHz",1,False,exponential,image,1
207,video,yolo,yolov5l,1,10Gi,8,1,20,60,71,"checking the effect of changing all variables under arrival rate 1,\n cpu type: Intel(R) Xeon(R) Gold 6126 CPU @ 2.60GHz",1,False,exponential,image,1
208,video,yolo,yolov5l,2,10Gi,8,1,1,60,71,"checking the effect of changing all variables under arrival rate 1,\n cpu type: Intel(R) Xeon(R) Gold 6126 CPU @ 2.60GHz",1,False,exponential,image,1
209,video,yolo,yolov5l,2,10Gi,8,1,10,60,71,"checking the effect of changing all variables under arrival rate 1,\n cpu type: Intel(R) Xeon(R) Gold 6126 CPU @ 2.60GHz",1,False,exponential,image,1
210,video,yolo,yolov5l,2,10Gi,8,1,20,60,71,"checking the effect of changing all variables under arrival rate 1,\n cpu type: Intel(R) Xeon(R) Gold 6126 CPU @ 2.60GHz",1,False,exponential,image,1
211,video,yolo,yolov5l,4,10Gi,8,1,1,60,71,"checking the effect of changing all variables under arrival rate 1,\n cpu type: Intel(R) Xeon(R) Gold 6126 CPU @ 2.60GHz",1,False,exponential,image,1
212,video,yolo,yolov5l,4,10Gi,8,1,10,60,71,"checking the effect of changing all variables under arrival rate 1,\n cpu type: Intel(R) Xeon(R) Gold 6126 CPU @ 2.60GHz",1,False,exponential,image,1
213,video,yolo,yolov5l,4,10Gi,8,1,20,60,71,"checking the effect of changing all variables under arrival rate 1,\n cpu type: Intel(R) Xeon(R) Gold 6126 CPU @ 2.60GHz",1,False,exponential,image,1
214,video,yolo,yolov5l,8,10Gi,8,1,1,60,71,"checking the effect of changing all variables under arrival rate 1,\n cpu type: Intel(R) Xeon(R) Gold 6126 CPU @ 2.60GHz",1,False,exponential,image,1
215,video,yolo,yolov5l,8,10Gi,8,1,10,60,71,"checking the effect of changing all variables under arrival rate 1,\n cpu type: Intel(R) Xeon(R) Gold 6126 CPU @ 2.60GHz",1,False,exponential,image,1
216,video,yolo,yolov5l,8,10Gi,8,1,20,60,71,"checking the effect of changing all variables under arrival rate 1,\n cpu type: Intel(R) Xeon(R) Gold 6126 CPU @ 2.60GHz",1,False,exponential,image,1
217,video,yolo,yolov5l,1,10Gi,32,1,1,60,71,"checking the effect of changing all variables under arrival rate 1,\n cpu type: Intel(R) Xeon(R) Gold 6126 CPU @ 2.60GHz",1,False,exponential,image,1
218,video,yolo,yolov5l,1,10Gi,32,1,10,60,71,"checking the effect of changing all variables under arrival rate 1,\n cpu type: Intel(R) Xeon(R) Gold 6126 CPU @ 2.60GHz",1,False,exponential,image,1
219,video,yolo,yolov5l,1,10Gi,32,1,20,60,71,"checking the effect of changing all variables under arrival rate 1,\n cpu type: Intel(R) Xeon(R) Gold 6126 CPU @ 2.60GHz",1,False,exponential,image,1
220,video,yolo,yolov5l,2,10Gi,32,1,1,60,71,"checking the effect of changing all variables under arrival rate 1,\n cpu type: Intel(R) Xeon(R) Gold 6126 CPU @ 2.60GHz",1,False,exponential,image,1
221,video,yolo,yolov5l,2,10Gi,32,1,10,60,71,"checking the effect of changing all variables under arrival rate 1,\n cpu type: Intel(R) Xeon(R) Gold 6126 CPU @ 2.60GHz",1,False,exponential,image,1
222,video,yolo,yolov5l,2,10Gi,32,1,20,60,71,"checking the effect of changing all variables under arrival rate 1,\n cpu type: Intel(R) Xeon(R) Gold 6126 CPU @ 2.60GHz",1,False,exponential,image,1
223,video,yolo,yolov5l,4,10Gi,32,1,1,60,71,"checking the effect of changing all variables under arrival rate 1,\n cpu type: Intel(R) Xeon(R) Gold 6126 CPU @ 2.60GHz",1,False,exponential,image,1
224,video,yolo,yolov5l,4,10Gi,32,1,10,60,71,"checking the effect of changing all variables under arrival rate 1,\n cpu type: Intel(R) Xeon(R) Gold 6126 CPU @ 2.60GHz",1,False,exponential,image,1
225,video,yolo,yolov5l,4,10Gi,32,1,20,60,71,"checking the effect of changing all variables under arrival rate 1,\n cpu type: Intel(R) Xeon(R) Gold 6126 CPU @ 2.60GHz",1,False,exponential,image,1
226,video,yolo,yolov5l,8,10Gi,32,1,1,60,71,"checking the effect of changing all variables under arrival rate 1,\n cpu type: Intel(R) Xeon(R) Gold 6126 CPU @ 2.60GHz",1,False,exponential,image,1
227,video,yolo,yolov5l,8,10Gi,32,1,10,60,71,"checking the effect of changing all variables under arrival rate 1,\n cpu type: Intel(R) Xeon(R) Gold 6126 CPU @ 2.60GHz",1,False,exponential,image,1
228,video,yolo,yolov5l,8,10Gi,32,1,20,60,71,"checking the effect of changing all variables under arrival rate 1,\n cpu type: Intel(R) Xeon(R) Gold 6126 CPU @ 2.60GHz",1,False,exponential,image,1
229,video,yolo,yolov5l,1,10Gi,64,1,1,60,71,"checking the effect of changing all variables under arrival rate 1,\n cpu type: Intel(R) Xeon(R) Gold 6126 CPU @ 2.60GHz",1,False,exponential,image,1
230,video,yolo,yolov5l,1,10Gi,64,1,10,60,71,"checking the effect of changing all variables under arrival rate 1,\n cpu type: Intel(R) Xeon(R) Gold 6126 CPU @ 2.60GHz",1,False,exponential,image,1
231,video,yolo,yolov5l,1,10Gi,64,1,20,60,71,"checking the effect of changing all variables under arrival rate 1,\n cpu type: Intel(R) Xeon(R) Gold 6126 CPU @ 2.60GHz",1,False,exponential,image,1
232,video,yolo,yolov5l,2,10Gi,64,1,1,60,71,"checking the effect of changing all variables under arrival rate 1,\n cpu type: Intel(R) Xeon(R) Gold 6126 CPU @ 2.60GHz",1,False,exponential,image,1
233,video,yolo,yolov5l,2,10Gi,64,1,10,60,71,"checking the effect of changing all variables under arrival rate 1,\n cpu type: Intel(R) Xeon(R) Gold 6126 CPU @ 2.60GHz",1,False,exponential,image,1
234,video,yolo,yolov5l,2,10Gi,64,1,20,60,71,"checking the effect of changing all variables under arrival rate 1,\n cpu type: Intel(R) Xeon(R) Gold 6126 CPU @ 2.60GHz",1,False,exponential,image,1
235,video,yolo,yolov5l,4,10Gi,64,1,1,60,71,"checking the effect of changing all variables under arrival rate 1,\n cpu type: Intel(R) Xeon(R) Gold 6126 CPU @ 2.60GHz",1,False,exponential,image,1
236,video,yolo,yolov5l,4,10Gi,64,1,10,60,71,"checking the effect of changing all variables under arrival rate 1,\n cpu type: Intel(R) Xeon(R) Gold 6126 CPU @ 2.60GHz",1,False,exponential,image,1
237,video,yolo,yolov5l,4,10Gi,64,1,20,60,71,"checking the effect of changing all variables under arrival rate 1,\n cpu type: Intel(R) Xeon(R) Gold 6126 CPU @ 2.60GHz",1,False,exponential,image,1
238,video,yolo,yolov5l,8,10Gi,64,1,1,60,71,"checking the effect of changing all variables under arrival rate 1,\n cpu type: Intel(R) Xeon(R) Gold 6126 CPU @ 2.60GHz",1,False,exponential,image,1
239,video,yolo,yolov5l,8,10Gi,64,1,10,60,71,"checking the effect of changing all variables under arrival rate 1,\n cpu type: Intel(R) Xeon(R) Gold 6126 CPU @ 2.60GHz",1,False,exponential,image,1
240,video,yolo,yolov5l,8,10Gi,64,1,20,60,71,"checking the effect of changing all variables under arrival rate 1,\n cpu type: Intel(R) Xeon(R) Gold 6126 CPU @ 2.60GHz",1,False,exponential,image,1
241,video,yolo,yolov5x,1,10Gi,1,1,1,60,71,"checking the effect of changing all variables under arrival rate 1,\n cpu type: Intel(R) Xeon(R) Gold 6126 CPU @ 2.60GHz",1,False,exponential,image,1
242,video,yolo,yolov5x,1,10Gi,1,1,10,60,71,"checking the effect of changing all variables under arrival rate 1,\n cpu type: Intel(R) Xeon(R) Gold 6126 CPU @ 2.60GHz",1,False,exponential,image,1
243,video,yolo,yolov5x,1,10Gi,1,1,20,60,71,"checking the effect of changing all variables under arrival rate 1,\n cpu type: Intel(R) Xeon(R) Gold 6126 CPU @ 2.60GHz",1,False,exponential,image,1
244,video,yolo,yolov5x,2,10Gi,1,1,1,60,71,"checking the effect of changing all variables under arrival rate 1,\n cpu type: Intel(R) Xeon(R) Gold 6126 CPU @ 2.60GHz",1,False,exponential,image,1
245,video,yolo,yolov5x,2,10Gi,1,1,10,60,71,"checking the effect of changing all variables under arrival rate 1,\n cpu type: Intel(R) Xeon(R) Gold 6126 CPU @ 2.60GHz",1,False,exponential,image,1
246,video,yolo,yolov5x,2,10Gi,1,1,20,60,71,"checking the effect of changing all variables under arrival rate 1,\n cpu type: Intel(R) Xeon(R) Gold 6126 CPU @ 2.60GHz",1,False,exponential,image,1
247,video,yolo,yolov5x,4,10Gi,1,1,1,60,71,"checking the effect of changing all variables under arrival rate 1,\n cpu type: Intel(R) Xeon(R) Gold 6126 CPU @ 2.60GHz",1,False,exponential,image,1
248,video,yolo,yolov5x,4,10Gi,1,1,10,60,71,"checking the effect of changing all variables under arrival rate 1,\n cpu type: Intel(R) Xeon(R) Gold 6126 CPU @ 2.60GHz",1,False,exponential,image,1
249,video,yolo,yolov5x,4,10Gi,1,1,20,60,71,"checking the effect of changing all variables under arrival rate 1,\n cpu type: Intel(R) Xeon(R) Gold 6126 CPU @ 2.60GHz",1,False,exponential,image,1
250,video,yolo,yolov5x,8,10Gi,1,1,1,60,71,"checking the effect of changing all variables under arrival rate 1,\n cpu type: Intel(R) Xeon(R) Gold 6126 CPU @ 2.60GHz",1,False,exponential,image,1
251,video,yolo,yolov5x,8,10Gi,1,1,10,60,71,"checking the effect of changing all variables under arrival rate 1,\n cpu type: Intel(R) Xeon(R) Gold 6126 CPU @ 2.60GHz",1,False,exponential,image,1
252,video,yolo,yolov5x,8,10Gi,1,1,20,60,71,"checking the effect of changing all variables under arrival rate 1,\n cpu type: Intel(R) Xeon(R) Gold 6126 CPU @ 2.60GHz",1,False,exponential,image,1
253,video,yolo,yolov5x,1,10Gi,2,1,1,60,71,"checking the effect of changing all variables under arrival rate 1,\n cpu type: Intel(R) Xeon(R) Gold 6126 CPU @ 2.60GHz",1,False,exponential,image,1
254,video,yolo,yolov5x,1,10Gi,2,1,10,60,71,"checking the effect of changing all variables under arrival rate 1,\n cpu type: Intel(R) Xeon(R) Gold 6126 CPU @ 2.60GHz",1,False,exponential,image,1
255,video,yolo,yolov5x,1,10Gi,2,1,20,60,71,"checking the effect of changing all variables under arrival rate 1,\n cpu type: Intel(R) Xeon(R) Gold 6126 CPU @ 2.60GHz",1,False,exponential,image,1
256,video,yolo,yolov5x,2,10Gi,2,1,1,60,71,"checking the effect of changing all variables under arrival rate 1,\n cpu type: Intel(R) Xeon(R) Gold 6126 CPU @ 2.60GHz",1,False,exponential,image,1
257,video,yolo,yolov5x,2,10Gi,2,1,10,60,71,"checking the effect of changing all variables under arrival rate 1,\n cpu type: Intel(R) Xeon(R) Gold 6126 CPU @ 2.60GHz",1,False,exponential,image,1
258,video,yolo,yolov5x,2,10Gi,2,1,20,60,71,"checking the effect of changing all variables under arrival rate 1,\n cpu type: Intel(R) Xeon(R) Gold 6126 CPU @ 2.60GHz",1,False,exponential,image,1
259,video,yolo,yolov5x,4,10Gi,2,1,1,60,71,"checking the effect of changing all variables under arrival rate 1,\n cpu type: Intel(R) Xeon(R) Gold 6126 CPU @ 2.60GHz",1,False,exponential,image,1
260,video,yolo,yolov5x,4,10Gi,2,1,10,60,71,"checking the effect of changing all variables under arrival rate 1,\n cpu type: Intel(R) Xeon(R) Gold 6126 CPU @ 2.60GHz",1,False,exponential,image,1
261,video,yolo,yolov5x,4,10Gi,2,1,20,60,71,"checking the effect of changing all variables under arrival rate 1,\n cpu type: Intel(R) Xeon(R) Gold 6126 CPU @ 2.60GHz",1,False,exponential,image,1
262,video,yolo,yolov5x,8,10Gi,2,1,1,60,71,"checking the effect of changing all variables under arrival rate 1,\n cpu type: Intel(R) Xeon(R) Gold 6126 CPU @ 2.60GHz",1,False,exponential,image,1
263,video,yolo,yolov5x,8,10Gi,2,1,10,60,71,"checking the effect of changing all variables under arrival rate 1,\n cpu type: Intel(R) Xeon(R) Gold 6126 CPU @ 2.60GHz",1,False,exponential,image,1
264,video,yolo,yolov5x,8,10Gi,2,1,20,60,71,"checking the effect of changing all variables under arrival rate 1,\n cpu type: Intel(R) Xeon(R) Gold 6126 CPU @ 2.60GHz",1,False,exponential,image,1
265,video,yolo,yolov5x,1,10Gi,8,1,1,60,71,"checking the effect of changing all variables under arrival rate 1,\n cpu type: Intel(R) Xeon(R) Gold 6126 CPU @ 2.60GHz",1,False,exponential,image,1
266,video,yolo,yolov5x,1,10Gi,8,1,10,60,71,"checking the effect of changing all variables under arrival rate 1,\n cpu type: Intel(R) Xeon(R) Gold 6126 CPU @ 2.60GHz",1,False,exponential,image,1
267,video,yolo,yolov5x,1,10Gi,8,1,20,60,71,"checking the effect of changing all variables under arrival rate 1,\n cpu type: Intel(R) Xeon(R) Gold 6126 CPU @ 2.60GHz",1,False,exponential,image,1
268,video,yolo,yolov5x,2,10Gi,8,1,1,60,71,"checking the effect of changing all variables under arrival rate 1,\n cpu type: Intel(R) Xeon(R) Gold 6126 CPU @ 2.60GHz",1,False,exponential,image,1
269,video,yolo,yolov5x,2,10Gi,8,1,10,60,71,"checking the effect of changing all variables under arrival rate 1,\n cpu type: Intel(R) Xeon(R) Gold 6126 CPU @ 2.60GHz",1,False,exponential,image,1
270,video,yolo,yolov5x,2,10Gi,8,1,20,60,71,"checking the effect of changing all variables under arrival rate 1,\n cpu type: Intel(R) Xeon(R) Gold 6126 CPU @ 2.60GHz",1,False,exponential,image,1
271,video,yolo,yolov5x,4,10Gi,8,1,1,60,71,"checking the effect of changing all variables under arrival rate 1,\n cpu type: Intel(R) Xeon(R) Gold 6126 CPU @ 2.60GHz",1,False,exponential,image,1
272,video,yolo,yolov5x,4,10Gi,8,1,10,60,71,"checking the effect of changing all variables under arrival rate 1,\n cpu type: Intel(R) Xeon(R) Gold 6126 CPU @ 2.60GHz",1,False,exponential,image,1
273,video,yolo,yolov5x,4,10Gi,8,1,20,60,71,"checking the effect of changing all variables under arrival rate 1,\n cpu type: Intel(R) Xeon(R) Gold 6126 CPU @ 2.60GHz",1,False,exponential,image,1
274,video,yolo,yolov5x,8,10Gi,8,1,1,60,71,"checking the effect of changing all variables under arrival rate 1,\n cpu type: Intel(R) Xeon(R) Gold 6126 CPU @ 2.60GHz",1,False,exponential,image,1
275,video,yolo,yolov5x,8,10Gi,8,1,10,60,71,"checking the effect of changing all variables under arrival rate 1,\n cpu type: Intel(R) Xeon(R) Gold 6126 CPU @ 2.60GHz",1,False,exponential,image,1
276,video,yolo,yolov5x,8,10Gi,8,1,20,60,71,"checking the effect of changing all variables under arrival rate 1,\n cpu type: Intel(R) Xeon(R) Gold 6126 CPU @ 2.60GHz",1,False,exponential,image,1
277,video,yolo,yolov5x,1,10Gi,32,1,1,60,71,"checking the effect of changing all variables under arrival rate 1,\n cpu type: Intel(R) Xeon(R) Gold 6126 CPU @ 2.60GHz",1,False,exponential,image,1
278,video,yolo,yolov5x,1,10Gi,32,1,10,60,71,"checking the effect of changing all variables under arrival rate 1,\n cpu type: Intel(R) Xeon(R) Gold 6126 CPU @ 2.60GHz",1,False,exponential,image,1
279,video,yolo,yolov5x,1,10Gi,32,1,20,60,71,"checking the effect of changing all variables under arrival rate 1,\n cpu type: Intel(R) Xeon(R) Gold 6126 CPU @ 2.60GHz",1,False,exponential,image,1
280,video,yolo,yolov5x,2,10Gi,32,1,1,60,71,"checking the effect of changing all variables under arrival rate 1,\n cpu type: Intel(R) Xeon(R) Gold 6126 CPU @ 2.60GHz",1,False,exponential,image,1
281,video,yolo,yolov5x,2,10Gi,32,1,10,60,71,"checking the effect of changing all variables under arrival rate 1,\n cpu type: Intel(R) Xeon(R) Gold 6126 CPU @ 2.60GHz",1,False,exponential,image,1
282,video,yolo,yolov5x,2,10Gi,32,1,20,60,71,"checking the effect of changing all variables under arrival rate 1,\n cpu type: Intel(R) Xeon(R) Gold 6126 CPU @ 2.60GHz",1,False,exponential,image,1
283,video,yolo,yolov5x,4,10Gi,32,1,1,60,71,"checking the effect of changing all variables under arrival rate 1,\n cpu type: Intel(R) Xeon(R) Gold 6126 CPU @ 2.60GHz",1,False,exponential,image,1
284,video,yolo,yolov5x,4,10Gi,32,1,10,60,71,"checking the effect of changing all variables under arrival rate 1,\n cpu type: Intel(R) Xeon(R) Gold 6126 CPU @ 2.60GHz",1,False,exponential,image,1
285,video,yolo,yolov5x,4,10Gi,32,1,20,60,71,"checking the effect of changing all variables under arrival rate 1,\n cpu type: Intel(R) Xeon(R) Gold 6126 CPU @ 2.60GHz",1,False,exponential,image,1
286,video,yolo,yolov5x,8,10Gi,32,1,1,60,71,"checking the effect of changing all variables under arrival rate 1,\n cpu type: Intel(R) Xeon(R) Gold 6126 CPU @ 2.60GHz",1,False,exponential,image,1
287,video,yolo,yolov5x,8,10Gi,32,1,10,60,71,"checking the effect of changing all variables under arrival rate 1,\n cpu type: Intel(R) Xeon(R) Gold 6126 CPU @ 2.60GHz",1,False,exponential,image,1
288,video,yolo,yolov5x,8,10Gi,32,1,20,60,71,"checking the effect of changing all variables under arrival rate 1,\n cpu type: Intel(R) Xeon(R) Gold 6126 CPU @ 2.60GHz",1,False,exponential,image,1
289,video,yolo,yolov5x,1,10Gi,64,1,1,60,71,"checking the effect of changing all variables under arrival rate 1,\n cpu type: Intel(R) Xeon(R) Gold 6126 CPU @ 2.60GHz",1,False,exponential,image,1
290,video,yolo,yolov5x,1,10Gi,64,1,10,60,71,"checking the effect of changing all variables under arrival rate 1,\n cpu type: Intel(R) Xeon(R) Gold 6126 CPU @ 2.60GHz",1,False,exponential,image,1
291,video,yolo,yolov5x,1,10Gi,64,1,20,60,71,"checking the effect of changing all variables under arrival rate 1,\n cpu type: Intel(R) Xeon(R) Gold 6126 CPU @ 2.60GHz",1,False,exponential,image,1
292,video,yolo,yolov5x,2,10Gi,64,1,1,60,71,"checking the effect of changing all variables under arrival rate 1,\n cpu type: Intel(R) Xeon(R) Gold 6126 CPU @ 2.60GHz",1,False,exponential,image,1
293,video,yolo,yolov5x,2,10Gi,64,1,10,60,71,"checking the effect of changing all variables under arrival rate 1,\n cpu type: Intel(R) Xeon(R) Gold 6126 CPU @ 2.60GHz",1,False,exponential,image,1
294,video,yolo,yolov5x,2,10Gi,64,1,20,60,71,"checking the effect of changing all variables under arrival rate 1,\n cpu type: Intel(R) Xeon(R) Gold 6126 CPU @ 2.60GHz",1,False,exponential,image,1
295,video,yolo,yolov5x,4,10Gi,64,1,1,60,71,"checking the effect of changing all variables under arrival rate 1,\n cpu type: Intel(R) Xeon(R) Gold 6126 CPU @ 2.60GHz",1,False,exponential,image,1
296,video,yolo,yolov5x,4,10Gi,64,1,10,60,71,"checking the effect of changing all variables under arrival rate 1,\n cpu type: Intel(R) Xeon(R) Gold 6126 CPU @ 2.60GHz",1,False,exponential,image,1
297,video,yolo,yolov5x,4,10Gi,64,1,20,60,71,"checking the effect of changing all variables under arrival rate 1,\n cpu type: Intel(R) Xeon(R) Gold 6126 CPU @ 2.60GHz",1,False,exponential,image,1
298,video,yolo,yolov5x,8,10Gi,64,1,1,60,71,"checking the effect of changing all variables under arrival rate 1,\n cpu type: Intel(R) Xeon(R) Gold 6126 CPU @ 2.60GHz",1,False,exponential,image,1
299,video,yolo,yolov5x,8,10Gi,64,1,10,60,71,"checking the effect of changing all variables under arrival rate 1,\n cpu type: Intel(R) Xeon(R) Gold 6126 CPU @ 2.60GHz",1,False,exponential,image,1
300,video,yolo,yolov5x,8,10Gi,64,1,20,60,71,"checking the effect of changing all variables under arrival rate 1,\n cpu type: Intel(R) Xeon(R) Gold 6126 CPU @ 2.60GHz",1,False,exponential,image,1
